{
    "max_error": 2.336681874175519,
    "mean_error": 0.2974244522866276,
    "min_error": 0.00018798161491750953,
    "std_error": 0.4543765477545134
}