{
    "max_error": 3.6488280606108905,
    "mean_error": 0.8489638744093849,
    "min_error": 0.003709602379500687,
    "std_error": 1.1525658357734232
}