{
    "max_error": 2.847710159371343,
    "mean_error": 0.34587431503360505,
    "min_error": 0.002108233132702031,
    "std_error": 0.5115847351693326
}