{
    "max_error": 2.8656616371987393,
    "mean_error": 0.5451855016641921,
    "min_error": 0.00035912826769046724,
    "std_error": 0.755885884759915
}