{
    "max_error": 5.095932486303151,
    "mean_error": 0.7076046156068087,
    "min_error": 0.000490008224174443,
    "std_error": 1.0161935674138092
}