{
    "max_error": 8.94532838061452,
    "mean_error": 0.4390322963276441,
    "min_error": 4.241424433042198e-06,
    "std_error": 1.117016246228444
}