{
    "max_error": 9.726392729435267,
    "mean_error": 1.924833074992672,
    "min_error": 0.0006940331885963713,
    "std_error": 2.2516477120448473
}