{
    "max_error": 8.255444033864514,
    "mean_error": 1.4644207686198587,
    "min_error": 0.0003700954011408575,
    "std_error": 1.9534764084611471
}