{
    "max_error": 4.578487891573645,
    "mean_error": 0.23390926311743637,
    "min_error": 3.216895819703858e-08,
    "std_error": 0.675468640711698
}