{
    "max_error": 2.3044947283182537,
    "mean_error": 0.5917555791016251,
    "min_error": 0.000935353896834325,
    "std_error": 0.7214205173513479
}