{
    "max_error": 5.219176019519567,
    "mean_error": 0.8186202217058982,
    "min_error": 0.0007836055236642991,
    "std_error": 1.1612331252656034
}