{
    "max_error": 2.037982729489729,
    "mean_error": 0.1869437228114755,
    "min_error": 0.0004292651475965581,
    "std_error": 0.28720158848728783
}