{
    "max_error": 7.696937506191909,
    "mean_error": 1.198625758327813,
    "min_error": 0.001073000055044293,
    "std_error": 1.7999175893825294
}