{
    "max_error": 8.16278149964154,
    "mean_error": 0.563889905281194,
    "min_error": 2.0227442738470813e-06,
    "std_error": 1.0492164074604522
}