{
    "max_error": 1.4410269515839222,
    "mean_error": 0.19526198571777317,
    "min_error": 7.863352224213305e-05,
    "std_error": 0.3117353808503767
}