{
    "max_error": 1.541610968785994,
    "mean_error": 0.2814270495614268,
    "min_error": 0.00015395297826669777,
    "std_error": 0.4278659028913728
}