{
    "max_error": 2.0945310592651367,
    "mean_error": 0.25607752799987793,
    "min_error": 0.0014531612396240234,
    "std_error": 0.37627607583999634
}