{
    "max_error": 1.8491630078831318,
    "mean_error": 0.3384795158087558,
    "min_error": 0.00034735962644227847,
    "std_error": 0.486256780477215
}