{
    "max_error": 2.7082211239976064,
    "mean_error": 0.36283598247794613,
    "min_error": 0.00038599032327524263,
    "std_error": 0.5081609644975664
}