{
    "max_error": 1.9921726337533445,
    "mean_error": 0.31760813497440354,
    "min_error": 0.0005153926028309552,
    "std_error": 0.4331080122812487
}