{
    "max_error": 2.3625786900812393,
    "mean_error": 0.26726810921129046,
    "min_error": 2.6387088000845438e-05,
    "std_error": 0.40537572965661867
}