{
    "max_error": 2.670219548116587,
    "mean_error": 0.28896990935052635,
    "min_error": 0.00044202773685115973,
    "std_error": 0.46149574985519876
}