{
    "max_error": 3.2235279424056404,
    "mean_error": 0.8186041735406763,
    "min_error": 0.0015232738161086168,
    "std_error": 1.0660325621866134
}