{
    "max_error": 3.952787049096227,
    "mean_error": 0.8946838773402105,
    "min_error": 0.0015548327733575507,
    "std_error": 1.194260533279103
}