{
    "max_error": 3.4063142563408615,
    "mean_error": 0.8493005238060759,
    "min_error": 0.002608521971404709,
    "std_error": 1.1015786064958215
}