{
    "max_error": 3.856011453918219,
    "mean_error": 0.807639325602627,
    "min_error": 0.0001421100202587877,
    "std_error": 1.078072311489279
}