{
    "max_error": 3.6617846488952637,
    "mean_error": 0.7697463035583496,
    "min_error": 0.00426173210144043,
    "std_error": 1.0177000761032104
}