{
    "max_error": 4.2848453309485315,
    "mean_error": 0.8194512017939259,
    "min_error": 0.0028676431755723097,
    "std_error": 1.071677413001272
}