{
    "max_error": 2.9871462071290242,
    "mean_error": 0.4499145784249173,
    "min_error": 0.000547400140576082,
    "std_error": 0.610018886054174
}