{
    "max_error": 8.342438938229979,
    "mean_error": 0.8418986549927399,
    "min_error": 0.0010003872802855085,
    "std_error": 1.4659429079891197
}