{
    "max_error": 3.480699300765991,
    "mean_error": 0.8584412932395935,
    "min_error": 5.1975250244140625e-05,
    "std_error": 1.0403590202331543
}