{
    "max_error": 7.736850624484719,
    "mean_error": 0.41506177446525255,
    "min_error": 1.7906839754218142e-08,
    "std_error": 1.0069346434775324
}