{
    "max_error": 8.269055813209715,
    "mean_error": 0.9835243772950344,
    "min_error": 0.0036245304077855423,
    "std_error": 1.5387668055270065
}