{
    "max_error": 4.558839406171069,
    "mean_error": 0.6732691823750983,
    "min_error": 9.713317963999658e-06,
    "std_error": 0.8815948494210701
}