{
    "max_error": 4.884129663822055,
    "mean_error": 0.827052666284156,
    "min_error": 2.3616443760809958e-05,
    "std_error": 0.8831287752661904
}