{
    "max_error": 2.4715566635131836,
    "mean_error": 0.5518864393234253,
    "min_error": 0.0022974014282226562,
    "std_error": 0.66321861743927
}