{
    "max_error": 7.724527854388357,
    "mean_error": 0.5141691015438405,
    "min_error": 3.458184653744035e-15,
    "std_error": 1.1331496649618344
}