{
    "max_error": 2.474318429251574,
    "mean_error": 0.29772505977322405,
    "min_error": 0.0017042100785300551,
    "std_error": 0.41627802669456127
}