{
    "max_error": 2.671068077705428,
    "mean_error": 0.44311070180511997,
    "min_error": 0.0013289856871590011,
    "std_error": 0.5990040206753775
}