{
    "max_error": 4.802289846516773,
    "mean_error": 0.7045031077066854,
    "min_error": 0.00043222050145264035,
    "std_error": 0.866020358800738
}