{
    "max_error": 9.163215221201778,
    "mean_error": 1.9782257111405896,
    "min_error": 0.0012227776579558647,
    "std_error": 2.3793412027699565
}