{
    "max_error": 8.569655408747495,
    "mean_error": 1.5149262446016494,
    "min_error": 1.2733899094305346e-05,
    "std_error": 2.145894900869729
}