{
    "max_error": 9.68563461303711,
    "mean_error": 0.7942034006118774,
    "min_error": 0.001285552978515625,
    "std_error": 1.531529426574707
}