{
    "max_error": 8.568341331765057,
    "mean_error": 0.3630750918166068,
    "min_error": 5.759928167168053e-12,
    "std_error": 1.087115878312163
}