{
    "max_error": 2.3551692141268563,
    "mean_error": 0.35996775809587456,
    "min_error": 0.000178485094784131,
    "std_error": 0.4446105895373995
}