{
    "max_error": 2.5027832365615295,
    "mean_error": 0.2302065841445851,
    "min_error": 3.3948480878342484e-05,
    "std_error": 0.40957323961495623
}