{
    "max_error": 8.766278267243504,
    "mean_error": 2.002916852832831,
    "min_error": 0.0002593733245474869,
    "std_error": 2.09946350503334
}