{
    "max_error": 2.7609763625402017,
    "mean_error": 0.33148853494275565,
    "min_error": 0.0013357090244239256,
    "std_error": 0.4268474883800367
}