{
    "max_error": 5.01924606728442,
    "mean_error": 0.7591804789724023,
    "min_error": 2.124160584049406e-05,
    "std_error": 1.0091212515755312
}