{
    "max_error": 8.719041368884742,
    "mean_error": 0.6697004751884842,
    "min_error": 9.794887065872615e-05,
    "std_error": 1.177815167655367
}