{
    "max_error": 7.73306941986084,
    "mean_error": 1.898433804512024,
    "min_error": 0.0005106925964355469,
    "std_error": 2.1110143661499023
}