{
    "max_error": 2.84013955092649,
    "mean_error": 0.5509681998156151,
    "min_error": 8.316107240025304e-05,
    "std_error": 0.7940806167409448
}