{
    "max_error": 8.094990748503806,
    "mean_error": 1.494468055404768,
    "min_error": 2.5568932050366584e-05,
    "std_error": 2.109960238648423
}