{
    "max_error": 2.6122100946944213,
    "mean_error": 0.2705461511693699,
    "min_error": 6.404220825752434e-10,
    "std_error": 0.4383358454142567
}