{
    "max_error": 3.980489344550133,
    "mean_error": 0.49587115428143136,
    "min_error": 2.1042713129656815e-06,
    "std_error": 0.7594172894828354
}