{
    "max_error": 4.436151057286189,
    "mean_error": 0.6400204862224911,
    "min_error": 3.93167611214551e-05,
    "std_error": 0.8919404299510862
}