{
    "max_error": 4.736940375986696,
    "mean_error": 0.7039810578591937,
    "min_error": 0.00017705736048512222,
    "std_error": 0.8346188388127608
}