{
    "max_error": 9.058410562886895,
    "mean_error": 1.9692998938860713,
    "min_error": 0.00014818988621234652,
    "std_error": 2.3141155593676954
}