{
    "max_error": 2.9530071871764236,
    "mean_error": 0.4275063267447129,
    "min_error": 0.0009888048620660212,
    "std_error": 0.6454535122159779
}