{
    "max_error": 3.0473650705180275,
    "mean_error": 0.3715396675167534,
    "min_error": 0.002220811532202216,
    "std_error": 0.4662774605779611
}