{
    "max_error": 3.4554872512817383,
    "mean_error": 0.3557474911212921,
    "min_error": 8.928775787353516e-05,
    "std_error": 0.5211119055747986
}