{
    "max_error": 5.513646094692679,
    "mean_error": 0.8598298984245258,
    "min_error": 0.0005925266105555327,
    "std_error": 1.1761318766276416
}