{
    "max_error": 4.834803133748729,
    "mean_error": 0.9309963637710864,
    "min_error": 0.0008269167439691749,
    "std_error": 1.2358294159375516
}