{
    "max_error": 4.347793102264404,
    "mean_error": 0.3137027323246002,
    "min_error": 0.00013781913730781525,
    "std_error": 0.6891494393348694
}