{
    "max_error": 11.326939602303133,
    "mean_error": 1.7550610033313747,
    "min_error": 4.1811731693385045e-13,
    "std_error": 2.4161966205709238
}