{
    "max_error": 1.8692940867381542,
    "mean_error": 0.20559615638852474,
    "min_error": 4.244868975550845e-06,
    "std_error": 0.3289423060516548
}