{
    "max_error": 8.627507209777832,
    "mean_error": 1.0344629287719727,
    "min_error": 0.0002504720469005406,
    "std_error": 1.7053561210632324
}