{
    "max_error": 7.513605183894647,
    "mean_error": 1.3145051166804835,
    "min_error": 9.566722968790131e-05,
    "std_error": 1.9370445867767103
}