{
    "max_error": 1.121981195009933,
    "mean_error": 0.22136952127035983,
    "min_error": 0.00040926373489202916,
    "std_error": 0.2924428651274626
}