{
    "max_error": 8.435692429815836,
    "mean_error": 1.3070224431282498,
    "min_error": 1.1073899404861328e-05,
    "std_error": 2.090660048795481
}