{
    "max_error": 3.376203422481418,
    "mean_error": 0.34342319569873214,
    "min_error": 9.156291301488651e-08,
    "std_error": 0.6329712591552394
}