{
    "max_error": 3.79951810836792,
    "mean_error": 0.6898190975189209,
    "min_error": 0.004157066345214844,
    "std_error": 0.8985660076141357
}