{
    "max_error": 4.581049259818792,
    "mean_error": 0.3865060942773174,
    "min_error": 1.6206505423557729e-09,
    "std_error": 0.7561504920699066
}