{
    "max_error": 1.214624681053758,
    "mean_error": 0.16280406950022078,
    "min_error": 1.315805494535539e-05,
    "std_error": 0.2628695684756542
}