{
    "max_error": 1.8744600452785942,
    "mean_error": 0.19204917013805084,
    "min_error": 3.588643968122085e-05,
    "std_error": 0.30566896037211544
}