{
    "max_error": 4.4931093546707555,
    "mean_error": 0.34910128896071974,
    "min_error": 0.00040865546613003974,
    "std_error": 0.6985496742115475
}