{
    "max_error": 5.1719914731433985,
    "mean_error": 0.1920637680085596,
    "min_error": 9.273030289635998e-11,
    "std_error": 0.6392193728896024
}