{
    "max_error": 3.6178306351530143,
    "mean_error": 0.583405757475641,
    "min_error": 3.401489849090298e-07,
    "std_error": 0.8886677783608017
}