{
    "max_error": 1.4112966060638428,
    "mean_error": 0.1914776712656021,
    "min_error": 0.0007274150848388672,
    "std_error": 0.27955543994903564
}