{
    "max_error": 6.863260269165039,
    "mean_error": 1.0970817804336548,
    "min_error": 0.0004258155822753906,
    "std_error": 1.543305516242981
}