{
    "max_error": 4.776461900910736,
    "mean_error": 0.47547540454155024,
    "min_error": 0.004022342146486002,
    "std_error": 0.7664609310709717
}