{
    "max_error": 6.0526993769627815,
    "mean_error": 0.8151702401399871,
    "min_error": 0.0026032445538044513,
    "std_error": 1.1930267911065962
}