{
    "max_error": 9.138134902644348,
    "mean_error": 1.2431843126517998,
    "min_error": 1.981887738616798e-05,
    "std_error": 2.114589615549041
}