{
    "max_error": 6.237206762325764,
    "mean_error": 0.6332083917697515,
    "min_error": 0.001234915718436369,
    "std_error": 1.0147585314990402
}