{
    "max_error": 5.4769360721397415,
    "mean_error": 0.39833941654658384,
    "min_error": 2.7563486840591626e-07,
    "std_error": 0.7199995527926016
}