{
    "max_error": 1.3276488117325305,
    "mean_error": 0.20434803462309925,
    "min_error": 0.00038514593645921913,
    "std_error": 0.31301354052235686
}