{
    "max_error": 1.5526450726656615,
    "mean_error": 0.2685075823273094,
    "min_error": 0.0008173664379120815,
    "std_error": 0.3729701827924021
}