{
    "max_error": 1.815619530519843,
    "mean_error": 0.4169580124833865,
    "min_error": 0.0004696198008458108,
    "std_error": 0.5326705542759892
}