{
    "max_error": 8.10126111222543,
    "mean_error": 1.5365455062684146,
    "min_error": 0.00023207443896683388,
    "std_error": 1.904591068677172
}