{
    "max_error": 7.295640992085338,
    "mean_error": 0.6834145728678072,
    "min_error": 0.004149739007353492,
    "std_error": 1.1108864646601935
}