{
    "max_error": 8.075873374938965,
    "mean_error": 1.1490511894226074,
    "min_error": 0.00047135353088378906,
    "std_error": 1.6449832916259766
}