{
    "max_error": 2.14624538050433,
    "mean_error": 0.4246288909760581,
    "min_error": 0.001561005427891311,
    "std_error": 0.5436388082792223
}