{
    "max_error": 5.6136283388846,
    "mean_error": 0.289916986061088,
    "min_error": 1.2193550085007897e-12,
    "std_error": 0.7690940871076001
}