{
    "max_error": 1.6024511234605314,
    "mean_error": 0.23104750685354392,
    "min_error": 0.0002444499832392477,
    "std_error": 0.3280317994153444
}