{
    "max_error": 1.8221951400754601,
    "mean_error": 0.22385762689998778,
    "min_error": 0.0005590896205605045,
    "std_error": 0.3167871688997937
}