{
    "max_error": 8.71702808684446,
    "mean_error": 1.4383966343560948,
    "min_error": 0.00011399222016317268,
    "std_error": 1.852558896392685
}