{
    "max_error": 1.3588948181177676,
    "mean_error": 0.18037605704695434,
    "min_error": 2.36352105784988e-06,
    "std_error": 0.30659903292172175
}