{
    "max_error": 8.559044105178863,
    "mean_error": 1.8965135417291181,
    "min_error": 5.444872950243762e-08,
    "std_error": 2.401491852481734
}