{
    "max_error": 2.30843027453661,
    "mean_error": 0.3919952412538833,
    "min_error": 0.00017109028816642726,
    "std_error": 0.5279104341179559
}