{
    "max_error": 2.229048252105713,
    "mean_error": 0.40742984414100647,
    "min_error": 0.00035250186920166016,
    "std_error": 0.5197697281837463
}