{
    "max_error": 1.3327220988199115,
    "mean_error": 0.17365477888686254,
    "min_error": 2.7531612240042594e-06,
    "std_error": 0.2987269753856871
}