{
    "max_error": 1.370772174168676,
    "mean_error": 0.23165149867985874,
    "min_error": 4.5069146305420915e-05,
    "std_error": 0.3368165575308983
}