{
    "max_error": 7.640570419373981,
    "mean_error": 1.3178187148087412,
    "min_error": 0.003718782840415491,
    "std_error": 1.879473802470363
}