{
    "max_error": 2.2636712820636484,
    "mean_error": 0.19571863097084072,
    "min_error": 4.209116597222646e-06,
    "std_error": 0.3280722208739321
}