{
    "max_error": 8.78772324454705,
    "mean_error": 1.2553485828975657,
    "min_error": 0.00041921197629199013,
    "std_error": 2.0625327323006633
}