{
    "max_error": 8.249976629230753,
    "mean_error": 1.2957016646547137,
    "min_error": 0.006658517786115148,
    "std_error": 1.740490752697699
}