{
    "max_error": 2.1798032828090586,
    "mean_error": 0.43101530987266495,
    "min_error": 0.00014530422793960801,
    "std_error": 0.5275780777729372
}