{
    "max_error": 8.303795166875453,
    "mean_error": 1.4568197262774507,
    "min_error": 0.0022926449480844546,
    "std_error": 2.0968769646796623
}