{
    "max_error": 3.3491438386152534,
    "mean_error": 0.8021598336735584,
    "min_error": 0.0008320121816520754,
    "std_error": 0.9703430077011985
}