{
    "max_error": 3.4322562505808367,
    "mean_error": 0.6610695865886951,
    "min_error": 4.485191219421052e-06,
    "std_error": 0.9806862404594654
}