{
    "max_error": 7.161374622275829,
    "mean_error": 0.4522124963785902,
    "min_error": 1.1019174801702944e-15,
    "std_error": 1.0352653392379052
}