{
    "max_error": 2.5834397424968083,
    "mean_error": 0.5453595300985726,
    "min_error": 3.791047191719069e-05,
    "std_error": 0.7074588352506758
}