{
    "max_error": 4.5340316645484044,
    "mean_error": 0.4454957303537622,
    "min_error": 0.00483999265789229,
    "std_error": 0.7309480470549512
}