{
    "max_error": 1.4979900121688843,
    "mean_error": 0.22764384746551514,
    "min_error": 3.7670135498046875e-05,
    "std_error": 0.34894925355911255
}