{
    "max_error": 5.482806595046587,
    "mean_error": 0.7883988245592815,
    "min_error": 0.00014685779321821357,
    "std_error": 1.1697139189571866
}