{
    "max_error": 8.336596995269137,
    "mean_error": 1.2614648305622167,
    "min_error": 0.0011140628553927279,
    "std_error": 1.8771111097790654
}