{
    "max_error": 2.187170575370267,
    "mean_error": 0.3659842017701491,
    "min_error": 0.001554199483245533,
    "std_error": 0.5385712901438585
}