{
    "max_error": 4.466342266215682,
    "mean_error": 0.8112228524433999,
    "min_error": 8.535175473009076e-05,
    "std_error": 1.0804413322124902
}