{
    "max_error": 8.782979816271066,
    "mean_error": 0.35564928781284383,
    "min_error": 1.8255901895394832e-09,
    "std_error": 1.0269546275792392
}