{
    "max_error": 2.7368137503618377,
    "mean_error": 0.2545405875057302,
    "min_error": 1.0093690088763819e-07,
    "std_error": 0.4550750710071441
}