{
    "max_error": 5.422958354667388,
    "mean_error": 0.6852463040428897,
    "min_error": 1.2625625305921063e-05,
    "std_error": 0.9587369605514442
}