{
    "max_error": 8.588714485765397,
    "mean_error": 1.5856844271978123,
    "min_error": 7.638310130837489e-08,
    "std_error": 2.180984797593649
}