{
    "max_error": 3.3161358936311585,
    "mean_error": 0.5109399127617245,
    "min_error": 3.6981604762247566e-06,
    "std_error": 0.7574524252209961
}