{
    "max_error": 11.3435584541969,
    "mean_error": 1.922069703267664,
    "min_error": 7.347654740036787e-13,
    "std_error": 2.6638293134381152
}