{
    "max_error": 2.384173064901345,
    "mean_error": 0.20192128237720552,
    "min_error": 1.2009673865328524e-05,
    "std_error": 0.3369182789683774
}