{
    "max_error": 9.355993438307591,
    "mean_error": 1.2614059152983461,
    "min_error": 8.566624722172296e-12,
    "std_error": 2.1488669281129296
}