{
    "max_error": 4.043838546048404,
    "mean_error": 0.3497829744742637,
    "min_error": 5.813038609857878e-15,
    "std_error": 0.7043367847099278
}