{
    "max_error": 4.829642860260905,
    "mean_error": 0.292186503283015,
    "min_error": 1.58314121984335e-13,
    "std_error": 0.7805709006264228
}