{
    "max_error": 2.342442034754952,
    "mean_error": 0.4576966006543281,
    "min_error": 4.203100051630345e-09,
    "std_error": 0.569500401414565
}