{
    "max_error": 1.4307726125417655,
    "mean_error": 0.18983199134754344,
    "min_error": 1.7362703904511e-05,
    "std_error": 0.3086913090479938
}