{
    "max_error": 3.6819548985932418,
    "mean_error": 0.6500168136200009,
    "min_error": 2.0370842143048225e-08,
    "std_error": 0.9543273550288552
}