{
    "learning_rate": 0.0035900648450918507,
    "dropout_prob": 0.31952823427509985,
    "lambda_l1": 6.848087101349172e-07,
    "hidden_layer_1": 128,
    "val_loss": 1.758843719959259
}