{
    "max_error": 3.6410590686133513,
    "mean_error": 0.7135289709034618,
    "min_error": 0.0011403443950415149,
    "std_error": 0.9146303884419795
}