{
    "max_error": 3.111582601611864,
    "mean_error": 0.4385205473053753,
    "min_error": 2.7046154953858093e-05,
    "std_error": 0.5556224193811342
}