{
    "max_error": 8.187406774550677,
    "mean_error": 1.5233739274869824,
    "min_error": 0.0029063794207573324,
    "std_error": 2.078433717653226
}