{
    "max_error": 2.2898073233091827,
    "mean_error": 0.45153054094634765,
    "min_error": 0.0035941324824093623,
    "std_error": 0.5606973188850429
}