{
    "learning_rate": 0.0001503210613557275,
    "dropout_prob": 0.14535635774320108,
    "lambda_l1": 2.450374871676942e-06,
    "hidden_layer_1": 160,
    "val_loss": 1.5240747928619385
}