{
    "learning_rate": 0.005610817434953988,
    "dropout_prob": 0.4253764941875125,
    "lambda_l1": 1.7318981152997907e-07,
    "hidden_layer_1": 256,
    "val_loss": 0.009845963213592768
}